index,Model Number,Adj Model Number,imageURL,specURL,CadURL,RvtURL
0,CONNECT-BDG2-1,CONNECT-BDG2-1,http://www.lutron.com/en-US/ProductBaseModelImages/L-BDG2.png,http://www.lutron.com/TechnicalDocumentLibrary/369975_ENG.pdf,,
1,CSPS-P1-10-6,CSPS-P1-10-6,,http://www.lutron.com/TechnicalDocumentLibrary/045560.pdf,,
2,CUSTOM SEETOUCH BTN,CUSTOM SEETOUCH BTN,,,,
3,CW-1,CW-1,http://www.lutron.com/en-US/ProductBaseModelImages/CW-1.png,http://www.lutron.com/TechnicalDocumentLibrary/specSubmittal_Diva.pdf,,
4,CW-1,CW-1,http://www.lutron.com/en-US/ProductBaseModelImages/CW-1.png,http://www.lutron.com/TechnicalDocumentLibrary/specSubmittal_Diva.pdf,,
5,CW-2,CW-2,http://www.lutron.com/en-US/ProductBaseModelImages/CW-2.png,http://www.lutron.com/TechnicalDocumentLibrary/specSubmittal_Diva.pdf,,
6,CW-3,CW-3,http://www.lutron.com/en-US/ProductBaseModelImages/CW-3.png,http://www.lutron.com/TechnicalDocumentLibrary/specSubmittal_Diva.pdf,,
7,CW-4,CW-4,http://www.lutron.com/en-US/ProductBaseModelImages/CW-4.png,http://www.lutron.com/TechnicalDocumentLibrary/specSubmittal_Diva.pdf,,
8,CW-5,CW-5,http://www.lutron.com/en-US/ProductBaseModelImages/CW-5.png,http://www.lutron.com/TechnicalDocumentLibrary/specSubmittal_Diva.pdf,,
9,CW-6,CW-6,http://www.lutron.com/en-US/ProductBaseModelImages/CW-6.png,http://www.lutron.com/TechnicalDocumentLibrary/specSubmittal_Diva.pdf,,
10,ENGRAVING ALLOWANCE,ENGRAVING ALLOWANCE,,,,
11,GRX-IRPS,GRX-IRPS,http://www.lutron.com/en-US/ProductParentGroupImages/GrafikEyeQSComp.jpg,http://www.lutron.com/TechnicalDocumentLibrary/irps.pdf,http://www.lutron.com/TechnicalDocumentLibrary/GRX_Wallstations_and_Inferfaces.dwg,
12,GRX-PWM,GRX-PWM,http://www.lutron.com/en-US/ProductBaseModelImages/GRX-PWM.png,http://www.lutron.com/TechnicalDocumentLibrary/031267_ENG.pdf,,
13,GRX-RS232,GRX-RS232,,,,
14,GRX-TVI,GRX-TVI,http://www.lutron.com/en-US/ProductBaseModelImages/GRX-TVI.png,http://www.lutron.com/TechnicalDocumentLibrary/grx-tvi.pdf,http://www.lutron.com/TechnicalDocumentLibrary/Power_Modules.dwg,
15,GRX-TVM2,GRX-TVM2,http://www.lutron.com/en-US/ProductBaseModelImages/GRX-TVM2.png,http://www.lutron.com/TechnicalDocumentLibrary/369663_ENG.pdf,,
16,H4P5-120,H4P5-120,,,,
17,H4P5-H48-120,H4P5-H48-120,,,,
18,H8P5-120,H8P5-120,,,,
19,H8P5-MI-120,H8P5-MI-120,,,,
20,HD-RS,HD-RS,http://www.lutron.com/en-US/ProductBaseModelImages/HD-RS.png,http://www.lutron.com/TechnicalDocumentLibrary/043-134A - Maestro Remotes.pdf,,
21,HP-2,HP-2,http://www.lutron.com/ProductParentGroupImages/HWQSFamily.png,http://www.lutron.com/TechnicalDocumentLibrary/hp246.pdf,,
22,HP-4,HP-4,http://www.lutron.com/ProductParentGroupImages/HWQSFamily.png,http://www.lutron.com/TechnicalDocumentLibrary/hp246.pdf,,
23,HP-6,HP-6,http://www.lutron.com/ProductParentGroupImages/HWQSFamily.png,http://www.lutron.com/TechnicalDocumentLibrary/hp246.pdf,,
24,HQ2-CONNECT1-PKG,HQ2-CONNECT1-PKG,,,,
25,HQA-RD,HQA-RD,http://www.lutron.com/ProductParentGroupImages/HWQSFamily.png,http://www.lutron.com/TechnicalDocumentLibrary/369694_ENG.pdf,http://www.lutron.com/TechnicalDocumentLibrary/Homeworks_QS.dwg,
26,HQA-RS,HQA-RS,http://www.lutron.com/en-US/ProductBaseModelImages/HD-RS.png,http://www.lutron.com/TechnicalDocumentLibrary/369694_ENG.pdf,http://www.lutron.com/TechnicalDocumentLibrary/Homeworks_QS.dwg,
27,HQD-RD,HQD-RD,http://www.lutron.com/ProductParentGroupImages/HWQSFamily.png,http://www.lutron.com/TechnicalDocumentLibrary/369305_ENG.pdf,http://www.lutron.com/TechnicalDocumentLibrary/Homeworks_QS.dwg,
28,HQD-RD,HQD-RD,http://www.lutron.com/ProductParentGroupImages/HWQSFamily.png,http://www.lutron.com/TechnicalDocumentLibrary/369305_ENG.pdf,http://www.lutron.com/TechnicalDocumentLibrary/Homeworks_QS.dwg,
29,HQD-RS,HQD-RS,http://www.lutron.com/en-US/ProductBaseModelImages/HD-RS.png,http://www.lutron.com/TechnicalDocumentLibrary/369305_ENG.pdf,http://www.lutron.com/TechnicalDocumentLibrary/Homeworks_QS.dwg,
30,HQ-HWI-KP,HQ-HWI-KP,,,,
31,HQ-HWI-LX,HQ-HWI-LX,http://www.lutron.com/ProductParentGroupImages/HWQSFamily.png,http://www.lutron.com/TechnicalDocumentLibrary/043451.pdf,,
32,HQ-LV21-120,HQ-LV21-120,http://www.lutron.com/ProductParentGroupImages/HWQSFamily.png,http://www.lutron.com/TechnicalDocumentLibrary/369-381b_ENG.pdf,,
33,HQP6-1,HQP6-1,http://www.lutron.com/ProductParentGroupImages/HWQSFamily.png,http://www.lutron.com/TechnicalDocumentLibrary/3691015_ENG.pdf,,
34,HQP6-2-120,HQP6-2-120,,,,
35,HQR-3LD,HQR-3LD,http://www.lutron.com/en-US/ProductBaseModelImages/HQR-3LD.png,http://www.lutron.com/TechnicalDocumentLibrary/HWQS_RF_Lamp_Dimmer_043367A.pdf,http://www.lutron.com/TechnicalDocumentLibrary/Homeworks_QS.dwg,
36,HQR-3PD-1,HQR-3PD-1,http://www.lutron.com/en-US/ProductBaseModelImages/HQR-3PD-1.png,http://www.lutron.com/TechnicalDocumentLibrary/HWQS_RF_Plug-In_Modules_043366A.pdf,http://www.lutron.com/TechnicalDocumentLibrary/Homeworks_QS.dwg,
37,HQR-3PD-1,HQR-3PD-1,http://www.lutron.com/en-US/ProductBaseModelImages/HQR-3PD-1.png,http://www.lutron.com/TechnicalDocumentLibrary/HWQS_RF_Plug-In_Modules_043366A.pdf,http://www.lutron.com/TechnicalDocumentLibrary/Homeworks_QS.dwg,
38,HQRA-10D,HQRA-10D,http://www.lutron.com/ProductParentGroupImages/HWQSFamily.png,http://www.lutron.com/TechnicalDocumentLibrary/369694_ENG.pdf,http://www.lutron.com/TechnicalDocumentLibrary/Homeworks_QS.dwg,
39,HQRA-2ANF,HQRA-2ANF,http://www.lutron.com/en-US/ProductBaseModelImages/RRD-2ANF.PNG,http://www.lutron.com/TechnicalDocumentLibrary/369694_ENG.pdf,http://www.lutron.com/TechnicalDocumentLibrary/Homeworks_QS.dwg,
40,HQRA-6CL,HQRA-6CL,http://www.lutron.com/ProductParentGroupImages/HWQSFamily.png,http://www.lutron.com/TechnicalDocumentLibrary/369694_ENG.pdf,http://www.lutron.com/TechnicalDocumentLibrary/Homeworks_QS.dwg,
41,HQRA-6NA,HQRA-6NA,http://www.lutron.com/ProductParentGroupImages/HWQSFamily.png,http://www.lutron.com/TechnicalDocumentLibrary/369694_ENG.pdf,http://www.lutron.com/TechnicalDocumentLibrary/Homeworks_QS.dwg,
42,HQRA-6ND,HQRA-6ND,http://www.lutron.com/ProductParentGroupImages/HWQSFamily.png,http://www.lutron.com/TechnicalDocumentLibrary/369694_ENG.pdf,,
43,HQRA-6NE,HQRA-6NE,,,,
44,HQRA-8ANS,HQRA-8ANS,http://www.lutron.com/ProductParentGroupImages/HWQSFamily.png,http://www.lutron.com/TechnicalDocumentLibrary/369694_ENG.pdf,http://www.lutron.com/TechnicalDocumentLibrary/Homeworks_QS.dwg,
45,HQRA-8S,HQRA-8S,,,,
46,HQRA-H3BSRL,HQRA-H3BSRL,http://www.lutron.com/ProductParentGroupImages/HWQSFamily.png,http://www.lutron.com/TechnicalDocumentLibrary/369699_ENG.pdf,http://www.lutron.com/TechnicalDocumentLibrary/Homeworks_QS.dwg,
47,HQRA-H5BRL,HQRA-H5BRL,http://www.lutron.com/ProductParentGroupImages/HWQSFamily.png,http://www.lutron.com/TechnicalDocumentLibrary/369699_ENG.pdf,http://www.lutron.com/TechnicalDocumentLibrary/Homeworks_QS.dwg,
48,HQRA-H6BRL,HQRA-H6BRL,http://www.lutron.com/ProductParentGroupImages/HWQSFamily.png,http://www.lutron.com/TechnicalDocumentLibrary/369699_ENG.pdf,http://www.lutron.com/TechnicalDocumentLibrary/Homeworks_QS.dwg,
49,HQRA-W5BRL,HQRA-W5BRL,http://www.lutron.com/ProductParentGroupImages/HWQSFamily.png,http://www.lutron.com/TechnicalDocumentLibrary/369698_ENG.pdf,,
50,HQRA-W6BRL,HQRA-W6BRL,http://www.lutron.com/ProductParentGroupImages/HWQSFamily.png,http://www.lutron.com/TechnicalDocumentLibrary/369698_ENG.pdf,,
51,HQRD-10D,HQRD-10D,http://www.lutron.com/en-US/ProductBaseModelImages/RR6ND-BL.PNG,http://www.lutron.com/TechnicalDocumentLibrary/HWQS_Designer-Style_RF_Maestro_043353a.pdf,http://www.lutron.com/TechnicalDocumentLibrary/Homeworks_QS.dwg,
52,HQRD-10D,HQRD-10D,http://www.lutron.com/en-US/ProductBaseModelImages/RR6ND-BL.PNG,http://www.lutron.com/TechnicalDocumentLibrary/HWQS_Designer-Style_RF_Maestro_043353a.pdf,http://www.lutron.com/TechnicalDocumentLibrary/Homeworks_QS.dwg,
53,HQRD-10ND,HQRD-10ND,http://www.lutron.com/en-US/ProductBaseModelImages/RR6ND-BL.PNG,http://www.lutron.com/TechnicalDocumentLibrary/HWQS_Designer-Style_RF_Maestro_043353a.pdf,http://www.lutron.com/TechnicalDocumentLibrary/Homeworks_QS.dwg,
54,HQRD-2ANF,HQRD-2ANF,http://www.lutron.com/en-US/ProductBaseModelImages/RRD-2ANF.PNG,http://www.lutron.com/TechnicalDocumentLibrary/369305_ENG.pdf,,
55,HQRD-5BRL,HQRD-5BRL,,,,
56,HQRD-6CL,HQRD-6CL,http://www.lutron.com/en-US/ProductBaseModelImages/RR6ND-BL.PNG,http://www.lutron.com/TechnicalDocumentLibrary/369305_ENG.pdf,http://www.lutron.com/TechnicalDocumentLibrary/Homeworks_QS.dwg,
57,HQRD-6CL,HQRD-6CL,http://www.lutron.com/en-US/ProductBaseModelImages/RR6ND-BL.PNG,http://www.lutron.com/TechnicalDocumentLibrary/369305_ENG.pdf,http://www.lutron.com/TechnicalDocumentLibrary/Homeworks_QS.dwg,
58,HQRD-6D,HQRD-6D,http://www.lutron.com/en-US/ProductBaseModelImages/RR6ND-BL.PNG,http://www.lutron.com/TechnicalDocumentLibrary/369305_ENG.pdf,,
59,HQRD-6NA,HQRD-6NA,http://www.lutron.com/en-US/ProductBaseModelImages/RR6ND-BL.PNG,http://www.lutron.com/TechnicalDocumentLibrary/HWQS_Designer-Style_RF_Maestro_043353a.pdf,http://www.lutron.com/TechnicalDocumentLibrary/Homeworks_QS.dwg,
60,HQRD-6ND,HQRD-6ND,http://www.lutron.com/en-US/ProductBaseModelImages/RR6ND-BL.PNG,http://www.lutron.com/TechnicalDocumentLibrary/HWQS_Designer-Style_RF_Maestro_043353a.pdf,http://www.lutron.com/TechnicalDocumentLibrary/Homeworks_QS.dwg,
61,HQRD-6NE,HQRD-6NE,,,,
62,HQRD-8ANS,HQRD-8ANS,http://www.lutron.com/en-US/ProductBaseModelImages/RRD-8ANS.PNG,http://www.lutron.com/TechnicalDocumentLibrary/HWQS_Designer-Style_RF_Maestro_043353a.pdf,,
63,HQRD-8ANS,HQRD-8ANS,http://www.lutron.com/en-US/ProductBaseModelImages/RRD-8ANS.PNG,http://www.lutron.com/TechnicalDocumentLibrary/HWQS_Designer-Style_RF_Maestro_043353a.pdf,,
64,HQRD-8S-DV,HQRD-8S-DV,http://www.lutron.com/en-US/ProductBaseModelImages/RRD-8ANS.PNG,http://www.lutron.com/TechnicalDocumentLibrary/369305_ENG.pdf,http://www.lutron.com/TechnicalDocumentLibrary/Homeworks_QS.dwg,
65,HQRD-F6AN-DV,HQRD-F6AN-DV,http://www.lutron.com/en-US/ProductBaseModelImages/RR6ND-BL.PNG,http://www.lutron.com/TechnicalDocumentLibrary/369305_ENG.pdf,http://www.lutron.com/TechnicalDocumentLibrary/Homeworks_QS.dwg,
66,HQRD-H3BSRL,HQRD-H3BSRL,http://www.lutron.com/ProductParentGroupImages/HWQSFamily.png,http://www.lutron.com/TechnicalDocumentLibrary/369303_ENG.pdf,http://www.lutron.com/TechnicalDocumentLibrary/Homeworks_QS.dwg,
67,HQRD-H4S,HQRD-H4S,http://www.lutron.com/ProductParentGroupImages/HWQSFamily.png,http://www.lutron.com/TechnicalDocumentLibrary/369303_ENG.pdf,http://www.lutron.com/TechnicalDocumentLibrary/Homeworks_QS.dwg,
68,HQRD-H5BRL,HQRD-H5BRL,http://www.lutron.com/ProductParentGroupImages/HWQSFamily.png,http://www.lutron.com/TechnicalDocumentLibrary/369303_ENG.pdf,http://www.lutron.com/TechnicalDocumentLibrary/Homeworks_QS.dwg,
69,HQRD-H6BRL,HQRD-H6BRL,http://www.lutron.com/ProductParentGroupImages/HWQSFamily.png,http://www.lutron.com/TechnicalDocumentLibrary/HWQS_Designer-style_Hybrid_Keypad_043356a.pdf,http://www.lutron.com/TechnicalDocumentLibrary/Homeworks_QS.dwg,
70,HQRD-W2BS,HQRD-W2BS,http://www.lutron.com/ProductParentGroupImages/HWQSFamily.png,http://www.lutron.com/TechnicalDocumentLibrary/HWQS_RF_Keypads_043361a.pdf,http://www.lutron.com/TechnicalDocumentLibrary/Homeworks_QS.dwg,
71,HQRD-W3BS,HQRD-W3BS,http://www.lutron.com/ProductParentGroupImages/HWQSFamily.png,http://www.lutron.com/TechnicalDocumentLibrary/HWQS_RF_Keypads_043361a.pdf,http://www.lutron.com/TechnicalDocumentLibrary/Homeworks_QS.dwg,
72,HQRD-W6BRL,HQRD-W6BRL,http://www.lutron.com/ProductParentGroupImages/HWQSFamily.png,http://www.lutron.com/TechnicalDocumentLibrary/HWQS_RF_Keypads_043361a.pdf,http://www.lutron.com/TechnicalDocumentLibrary/Homeworks_QS.dwg,
73,HQRD-W7B,HQRD-W7B,http://www.lutron.com/ProductParentGroupImages/HWQSFamily.png,http://www.lutron.com/TechnicalDocumentLibrary/HWQS_RF_Keypads_043361a.pdf,http://www.lutron.com/TechnicalDocumentLibrary/Homeworks_QS.dwg,
74,HQRJ-WPM-6D-120,HQRJ-WPM-6D-120,http://www.lutron.com/en-US/ProductBaseModelImages/HQRJ-WPM-6D-120.png,http://www.lutron.com/TechnicalDocumentLibrary/369-360 HWQS WPM.pdf,,
75,HQR-REP-120,HQR-REP-120,http://www.lutron.com/en-US/ProductBaseModelImages/HQR-REP-120.png,http://www.lutron.com/TechnicalDocumentLibrary/043-399a.pdf,http://www.lutron.com/TechnicalDocumentLibrary/Homeworks_QS.dwg,
76,HQR-T10CRL,HQR-T10CRL,http://www.lutron.com/ProductParentGroupImages/HWQSFamily.png,http://www.lutron.com/TechnicalDocumentLibrary/369349A.pdf,http://www.lutron.com/TechnicalDocumentLibrary/Homeworks_QS.dwg,
77,HQR-T10RL,HQR-T10RL,http://www.lutron.com/ProductParentGroupImages/HWQSFamily.png,http://www.lutron.com/TechnicalDocumentLibrary/369349A.pdf,http://www.lutron.com/TechnicalDocumentLibrary/Homeworks_QS.dwg,
78,HQR-T15CRL,HQR-T15CRL,http://www.lutron.com/ProductParentGroupImages/HWQSFamily.png,http://www.lutron.com/TechnicalDocumentLibrary/369349A.pdf,http://www.lutron.com/TechnicalDocumentLibrary/Homeworks_QS.dwg,
79,HQR-T15RL,HQR-T15RL,http://www.lutron.com/ProductParentGroupImages/HWQSFamily.png,http://www.lutron.com/TechnicalDocumentLibrary/369349A.pdf,http://www.lutron.com/TechnicalDocumentLibrary/Homeworks_QS.dwg,
80,HQR-T5CRL,HQR-T5CRL,http://www.lutron.com/ProductParentGroupImages/HWQSFamily.png,http://www.lutron.com/TechnicalDocumentLibrary/369349A.pdf,http://www.lutron.com/TechnicalDocumentLibrary/Homeworks_QS.dwg,
81,HQR-T5RL,HQR-T5RL,http://www.lutron.com/ProductParentGroupImages/HWQSFamily.png,http://www.lutron.com/TechnicalDocumentLibrary/369349A.pdf,http://www.lutron.com/TechnicalDocumentLibrary/Homeworks_QS.dwg,
82,HQR-T5RL,HQR-T5RL,http://www.lutron.com/ProductParentGroupImages/HWQSFamily.png,http://www.lutron.com/TechnicalDocumentLibrary/369349A.pdf,http://www.lutron.com/TechnicalDocumentLibrary/Homeworks_QS.dwg,
83,HQRT-G25LW,HQRT-G25LW,http://www.lutron.com/ProductParentGroupImages/HWQSFamily.png,http://www.lutron.com/TechnicalDocumentLibrary/369825.pdf,,
84,HQRT-G5ANSW,HQRT-G5ANSW,http://www.lutron.com/ProductParentGroupImages/HWQSFamily.png,http://www.lutron.com/TechnicalDocumentLibrary/369825.pdf,,
85,HQR-VCRX,HQR-VCRX,http://www.lutron.com/ProductParentGroupImages/HWQSFamily.png,http://www.lutron.com/TechnicalDocumentLibrary/043-398a.pdf,http://www.lutron.com/TechnicalDocumentLibrary/Homeworks_QS.dwg,
86,HQTDW,HQTDW,,,,
87,HQWA-KP7-DN,HQWA-KP7-DN,http://www.lutron.com/ProductParentGroupImages/HWQSFamily.png,http://www.lutron.com/TechnicalDocumentLibrary/043415.pdf,http://www.lutron.com/TechnicalDocumentLibrary/Homeworks_QS.dwg,
88,HQWAS,HQWAS,,,,
89,HQWA-W1BI,HQWA-W1BI,http://www.lutron.com/ProductParentGroupImages/HWQSFamily.png,http://www.lutron.com/TechnicalDocumentLibrary/043370a HW QS wired arch keypads.pdf,http://www.lutron.com/TechnicalDocumentLibrary/Homeworks_QS.dwg,
90,HQWA-W2BSI,HQWA-W2BSI,http://www.lutron.com/ProductParentGroupImages/HWQSFamily.png,http://www.lutron.com/TechnicalDocumentLibrary/043370a HW QS wired arch keypads.pdf,http://www.lutron.com/TechnicalDocumentLibrary/Homeworks_QS.dwg,
91,HQWA-W2BSI,HQWA-W2BSI,http://www.lutron.com/ProductParentGroupImages/HWQSFamily.png,http://www.lutron.com/TechnicalDocumentLibrary/043370a HW QS wired arch keypads.pdf,http://www.lutron.com/TechnicalDocumentLibrary/Homeworks_QS.dwg,
92,HQWA-W2BSN,HQWA-W2BSN,http://www.lutron.com/ProductParentGroupImages/HWQSFamily.png,http://www.lutron.com/TechnicalDocumentLibrary/043370a HW QS wired arch keypads.pdf,http://www.lutron.com/TechnicalDocumentLibrary/Homeworks_QS.dwg,
93,HQWA-W3BSI,HQWA-W3BSI,http://www.lutron.com/ProductParentGroupImages/HWQSFamily.png,http://www.lutron.com/TechnicalDocumentLibrary/043370a HW QS wired arch keypads.pdf,,
94,HQWA-W3BSI,HQWA-W3BSI,http://www.lutron.com/ProductParentGroupImages/HWQSFamily.png,http://www.lutron.com/TechnicalDocumentLibrary/043370a HW QS wired arch keypads.pdf,,
95,HQWA-W3BSN,HQWA-W3BSN,http://www.lutron.com/ProductParentGroupImages/HWQSFamily.png,http://www.lutron.com/TechnicalDocumentLibrary/043370a HW QS wired arch keypads.pdf,http://www.lutron.com/TechnicalDocumentLibrary/Homeworks_QS.dwg,
96,HQWA-W3BSRLI,HQWA-W3BSRLI,http://www.lutron.com/ProductParentGroupImages/HWQSFamily.png,http://www.lutron.com/TechnicalDocumentLibrary/043370a HW QS wired arch keypads.pdf,http://www.lutron.com/TechnicalDocumentLibrary/Homeworks_QS.dwg,
97,HQWA-W3BSRLN,HQWA-W3BSRLN,http://www.lutron.com/ProductParentGroupImages/HWQSFamily.png,http://www.lutron.com/TechnicalDocumentLibrary/043370a HW QS wired arch keypads.pdf,http://www.lutron.com/TechnicalDocumentLibrary/Homeworks_QS.dwg,
98,HQWA-W4BSI,HQWA-W4BSI,http://www.lutron.com/ProductParentGroupImages/HWQSFamily.png,http://www.lutron.com/TechnicalDocumentLibrary/043370a HW QS wired arch keypads.pdf,http://www.lutron.com/TechnicalDocumentLibrary/Homeworks_QS.dwg,
99,HQWA-W4BSI,HQWA-W4BSI,http://www.lutron.com/ProductParentGroupImages/HWQSFamily.png,http://www.lutron.com/TechnicalDocumentLibrary/043370a HW QS wired arch keypads.pdf,http://www.lutron.com/TechnicalDocumentLibrary/Homeworks_QS.dwg,
100,HQWA-W4BSN,HQWA-W4BSN,http://www.lutron.com/ProductParentGroupImages/HWQSFamily.png,http://www.lutron.com/TechnicalDocumentLibrary/043370a HW QS wired arch keypads.pdf,http://www.lutron.com/TechnicalDocumentLibrary/Homeworks_QS.dwg,
101,HQWA-W4SN,HQWA-W4SN,http://www.lutron.com/ProductParentGroupImages/HWQSFamily.png,http://www.lutron.com/TechnicalDocumentLibrary/043370a HW QS wired arch keypads.pdf,http://www.lutron.com/TechnicalDocumentLibrary/Homeworks_QS.dwg,
102,HQWA-W5BI,HQWA-W5BI,http://www.lutron.com/ProductParentGroupImages/HWQSFamily.png,http://www.lutron.com/TechnicalDocumentLibrary/043370a HW QS wired arch keypads.pdf,http://www.lutron.com/TechnicalDocumentLibrary/Homeworks_QS.dwg,
103,HQWA-W5BI,HQWA-W5BI,http://www.lutron.com/ProductParentGroupImages/HWQSFamily.png,http://www.lutron.com/TechnicalDocumentLibrary/043370a HW QS wired arch keypads.pdf,http://www.lutron.com/TechnicalDocumentLibrary/Homeworks_QS.dwg,
104,HQWA-W5BN,HQWA-W5BN,http://www.lutron.com/ProductParentGroupImages/HWQSFamily.png,http://www.lutron.com/TechnicalDocumentLibrary/043370a HW QS wired arch keypads.pdf,http://www.lutron.com/TechnicalDocumentLibrary/Homeworks_QS.dwg,
105,HQWA-W5BRLI,HQWA-W5BRLI,http://www.lutron.com/ProductParentGroupImages/HWQSFamily.png,http://www.lutron.com/TechnicalDocumentLibrary/043370a HW QS wired arch keypads.pdf,http://www.lutron.com/TechnicalDocumentLibrary/Homeworks_QS.dwg,
106,HQWA-W5BRLN,HQWA-W5BRLN,http://www.lutron.com/ProductParentGroupImages/HWQSFamily.png,http://www.lutron.com/TechnicalDocumentLibrary/043370a HW QS wired arch keypads.pdf,http://www.lutron.com/TechnicalDocumentLibrary/Homeworks_QS.dwg,
107,HQWA-W6,HQWA-W6,,,,
108,HQWA-W6BN,HQWA-W6BN,http://www.lutron.com/ProductParentGroupImages/HWQSFamily.png,http://www.lutron.com/TechnicalDocumentLibrary/043370a HW QS wired arch keypads.pdf,http://www.lutron.com/TechnicalDocumentLibrary/Homeworks_QS.dwg,
109,HQWA-W6BRLI,HQWA-W6BRLI,http://www.lutron.com/ProductParentGroupImages/HWQSFamily.png,http://www.lutron.com/TechnicalDocumentLibrary/043370a HW QS wired arch keypads.pdf,http://www.lutron.com/TechnicalDocumentLibrary/Homeworks_QS.dwg,
110,HQWA-W6BRLN,HQWA-W6BRLN,http://www.lutron.com/ProductParentGroupImages/HWQSFamily.png,http://www.lutron.com/TechnicalDocumentLibrary/043370a HW QS wired arch keypads.pdf,http://www.lutron.com/TechnicalDocumentLibrary/Homeworks_QS.dwg,
111,HQWA-W7BI,HQWA-W7BI,http://www.lutron.com/ProductParentGroupImages/HWQSFamily.png,http://www.lutron.com/TechnicalDocumentLibrary/043370a HW QS wired arch keypads.pdf,http://www.lutron.com/TechnicalDocumentLibrary/Homeworks_QS.dwg,
112,HQWA-W7BN,HQWA-W7BN,http://www.lutron.com/ProductParentGroupImages/HWQSFamily.png,http://www.lutron.com/TechnicalDocumentLibrary/043370a HW QS wired arch keypads.pdf,http://www.lutron.com/TechnicalDocumentLibrary/Homeworks_QS.dwg,
113,HQWD-W1B,HQWD-W1B,http://www.lutron.com/ProductParentGroupImages/HWQSFamily.png,http://www.lutron.com/TechnicalDocumentLibrary/043359a HW QS wired des keypads.pdf,http://www.lutron.com/TechnicalDocumentLibrary/Homeworks_QS.dwg,
114,HQWD-W2BS,HQWD-W2BS,http://www.lutron.com/ProductParentGroupImages/HWQSFamily.png,http://www.lutron.com/TechnicalDocumentLibrary/043359a HW QS wired des keypads.pdf,http://www.lutron.com/TechnicalDocumentLibrary/Homeworks_QS.dwg,
115,HQWD-W3BSRL,HQWD-W3BSRL,http://www.lutron.com/ProductParentGroupImages/HWQSFamily.png,http://www.lutron.com/TechnicalDocumentLibrary/043359a HW QS wired des keypads.pdf,http://www.lutron.com/TechnicalDocumentLibrary/Homeworks_QS.dwg,
116,HQWD-W3BS,HQWD-W3BS,http://www.lutron.com/ProductParentGroupImages/HWQSFamily.png,http://www.lutron.com/TechnicalDocumentLibrary/043359a HW QS wired des keypads.pdf,http://www.lutron.com/TechnicalDocumentLibrary/Homeworks_QS.dwg,
117,HQWD-W4BS,HQWD-W4BS,http://www.lutron.com/ProductParentGroupImages/HWQSFamily.png,http://www.lutron.com/TechnicalDocumentLibrary/043359a HW QS wired des keypads.pdf,http://www.lutron.com/TechnicalDocumentLibrary/Homeworks_QS.dwg,
118,HQWD-W4S,HQWD-W4S,http://www.lutron.com/ProductParentGroupImages/HWQSFamily.png,http://www.lutron.com/TechnicalDocumentLibrary/043359a HW QS wired des keypads.pdf,http://www.lutron.com/TechnicalDocumentLibrary/Homeworks_QS.dwg,
119,HQWD-W5BRL,HQWD-W5BRL,http://www.lutron.com/ProductParentGroupImages/HWQSFamily.png,http://www.lutron.com/TechnicalDocumentLibrary/043359a HW QS wired des keypads.pdf,http://www.lutron.com/TechnicalDocumentLibrary/Homeworks_QS.dwg,
120,HQWD-W5B,HQWD-W5B,http://www.lutron.com/ProductParentGroupImages/HWQSFamily.png,http://www.lutron.com/TechnicalDocumentLibrary/043359a HW QS wired des keypads.pdf,http://www.lutron.com/TechnicalDocumentLibrary/Homeworks_QS.dwg,
121,HQWD-W6BRL,HQWD-W6BRL,http://www.lutron.com/ProductParentGroupImages/HWQSFamily.png,http://www.lutron.com/TechnicalDocumentLibrary/043359a HW QS wired des keypads.pdf,http://www.lutron.com/TechnicalDocumentLibrary/Homeworks_QS.dwg,
122,HQWD-W6BRL,HQWD-W6BRL,http://www.lutron.com/ProductParentGroupImages/HWQSFamily.png,http://www.lutron.com/TechnicalDocumentLibrary/043359a HW QS wired des keypads.pdf,http://www.lutron.com/TechnicalDocumentLibrary/Homeworks_QS.dwg,
123,HQWD-W6BRL,HQWD-W6BRL,http://www.lutron.com/ProductParentGroupImages/HWQSFamily.png,http://www.lutron.com/TechnicalDocumentLibrary/043359a HW QS wired des keypads.pdf,http://www.lutron.com/TechnicalDocumentLibrary/Homeworks_QS.dwg,
124,HQWD-W6BRL,HQWD-W6BRL,http://www.lutron.com/ProductParentGroupImages/HWQSFamily.png,http://www.lutron.com/TechnicalDocumentLibrary/043359a HW QS wired des keypads.pdf,http://www.lutron.com/TechnicalDocumentLibrary/Homeworks_QS.dwg,
125,HQWD-W6B,HQWD-W6B,http://www.lutron.com/ProductParentGroupImages/HWQSFamily.png,http://www.lutron.com/TechnicalDocumentLibrary/043359a HW QS wired des keypads.pdf,http://www.lutron.com/TechnicalDocumentLibrary/Homeworks_QS.dwg,
126,HQWD-W7B ,HQWD-W7B ,http://www.lutron.com/ProductParentGroupImages/HWQSFamily.png,http://www.lutron.com/TechnicalDocumentLibrary/043359a HW QS wired des keypads.pdf,http://www.lutron.com/TechnicalDocumentLibrary/Homeworks_QS.dwg,
127,HQWT-S-PRW,HQWT-S-PRW,,,,
128,HQWT-T-HW-A,HQWT-T-HW-A,,,,
129,HRD-10D,HRD-10D,http://www.lutron.com/en-US/ProductBaseModelImages/HRD-6D-WH.png,,,
130,HRD-10ND,HRD-10ND,,http://www.lutron.com/TechnicalDocumentLibrary/048-219a.pdf,,
131,HRD-6D,HRD-6D,,,,
132,HRD-6ND,HRD-6ND,,,,
133,HRD-8ANS,HRD-8ANS,,,,
134,HRP5-120,HRP5-120,,,,
135,HRT-10KP-C,HRT-10KP-C,,,,
136,HRT-10RL-A,HRT-10RL-A,,,,
137,HRT-10RL-C,HRT-10RL-C,,,,
138,HRT-10S2RL,HRT-10S2RL,,,,
139,HRT-15KP-C,HRT-15KP-C,,,,
140,HRT-15RL-A,HRT-15RL-A,,,,
141,HRT-15RL-C,HRT-15RL-C,,,,
142,HRT-3LD,HRT-3LD,,,,
143,HRT-5S2RL,HRT-5S2RL,,,,
144,HRT-6LRL-C,HRT-6LRL-C,,,,
145,HR-VCRX,HR-VCRX,http://www.lutron.com/en-US/ProductBaseModelImages/HR-VCRX.png,,,
146,HR-VCTX,HR-VCTX,http://www.lutron.com/en-US/ProductBaseModelImages/HR-VCTX.png,,,
147,HWA-10D,HWA-10D,http://www.lutron.com/en-US/ProductBaseModelImages/RR6ND-BL.PNG,http://www.lutron.com/TechnicalDocumentLibrary/369701a_ENG.pdf,http://www.lutron.com/TechnicalDocumentLibrary/Homeworks_QS.dwg,
148,HWA-6D,HWA-6D,http://www.lutron.com/en-US/ProductBaseModelImages/RR6ND-BL.PNG,http://www.lutron.com/TechnicalDocumentLibrary/369701a_ENG.pdf,http://www.lutron.com/TechnicalDocumentLibrary/Homeworks_QS.dwg,
149,HWA-6ND,HWA-6ND,http://www.lutron.com/en-US/ProductBaseModelImages/RR6ND-BL.PNG,http://www.lutron.com/TechnicalDocumentLibrary/369701a_ENG.pdf,http://www.lutron.com/TechnicalDocumentLibrary/Homeworks_QS.dwg,
150,HWA-8ANS,HWA-8ANS,http://www.lutron.com/en-US/ProductBaseModelImages/RRD-8ANS.PNG,http://www.lutron.com/TechnicalDocumentLibrary/369701a_ENG.pdf,http://www.lutron.com/TechnicalDocumentLibrary/Homeworks_QS.dwg,
151,HWAP-8D-15-120L3,HWAP-8D-15-120L3,http://www.lutron.com/ProductParentGroupImages/HWQSFamily.png,http://www.lutron.com/TechnicalDocumentLibrary/369548_HW_Remote_Power_Panels.pdf,,
152,HWAP-8D-15-120L4,HWAP-8D-15-120L4,http://www.lutron.com/ProductParentGroupImages/HWQSFamily.png,http://www.lutron.com/TechnicalDocumentLibrary/369548_HW_Remote_Power_Panels.pdf,,
153,HWAP-8D-20-120L3,HWAP-8D-20-120L3,http://www.lutron.com/ProductParentGroupImages/HWQSFamily.png,http://www.lutron.com/TechnicalDocumentLibrary/369548_HW_Remote_Power_Panels.pdf,,
154,HWAP-8D-20-120L4,HWAP-8D-20-120L4,http://www.lutron.com/ProductParentGroupImages/HWQSFamily.png,http://www.lutron.com/TechnicalDocumentLibrary/369548_HW_Remote_Power_Panels.pdf,,
155,HWD-10KP,HWD-10KP,,,,
156,HWD-10ND,HWD-10ND,http://www.lutron.com/en-US/ProductBaseModelImages/RR6ND-BL.PNG,http://www.lutron.com/TechnicalDocumentLibrary/369700a_ENG.pdf,http://www.lutron.com/TechnicalDocumentLibrary/Homeworks_QS.dwg,
157,HWD-10RL,HWD-10RL,,,,
158,HWD-2ANF,HWD-2ANF,http://www.lutron.com/en-US/ProductBaseModelImages/RRD-2ANF.PNG,http://www.lutron.com/TechnicalDocumentLibrary/369700a_ENG.pdf,http://www.lutron.com/TechnicalDocumentLibrary/Homeworks_QS.dwg,
159,HWD-5KP,HWD-5KP,,,,
160,HWD-5NE,HWD-5NE,http://www.lutron.com/en-US/ProductBaseModelImages/RR6ND-BL.PNG,http://www.lutron.com/TechnicalDocumentLibrary/369700a_ENG.pdf,http://www.lutron.com/TechnicalDocumentLibrary/Homeworks_QS.dwg,
161,HWD-5RL,HWD-5RL,,,,
162,HWD-6D,HWD-6D,http://www.lutron.com/en-US/ProductBaseModelImages/RR6ND-BL.PNG,http://www.lutron.com/TechnicalDocumentLibrary/369700a_ENG.pdf,http://www.lutron.com/TechnicalDocumentLibrary/Homeworks_QS.dwg,
163,HWD-6ND,HWD-6ND,http://www.lutron.com/en-US/ProductBaseModelImages/RR6ND-BL.PNG,http://www.lutron.com/TechnicalDocumentLibrary/369700a_ENG.pdf,http://www.lutron.com/TechnicalDocumentLibrary/Homeworks_QS.dwg,
164,HWD-8ANS,HWD-8ANS,http://www.lutron.com/en-US/ProductBaseModelImages/RRD-8ANS.PNG,http://www.lutron.com/TechnicalDocumentLibrary/369700a_ENG.pdf,http://www.lutron.com/TechnicalDocumentLibrary/Homeworks_QS.dwg,
165,HWD-,HWD-,,,,
166,HWI-CC0-8,HWI-CC0-8,,,,
167,HWI-CCI-8,HWI-CCI-8,,,,
168,HWI-D48,HWI-D48,,,,
169,HWI-ENC-CC,HWI-ENC-CC,,,,
170,HWI-H48,HWI-H48,http://www.lutron.com/ProductParentGroupImages/HWQSFamily.png,http://www.lutron.com/TechnicalDocumentLibrary/369717a_ENG.pdf,,
171,HWI-LV17-120,HWI-LV17-120,http://www.lutron.com/ProductParentGroupImages/HWQSFamily.png,http://www.lutron.com/TechnicalDocumentLibrary/369716a_ENG.pdf,,
172,HWI-LV24-120,HWI-LV24-120,,,,
173,HWI-LV32-120,HWI-LV32-120,,,,
174,HWI-MI-120,HWI-MI-120,http://www.lutron.com/ProductParentGroupImages/HWQSFamily.png,http://www.lutron.com/TechnicalDocumentLibrary/HW_Module_Interface_043368.pdf,,
175,HWI-PNL-5,HWI-PNL-5,http://www.lutron.com/ProductParentGroupImages/HWQSFamily.png,http://www.lutron.com/TechnicalDocumentLibrary/369-600a_ENG.pdf,,
176,HWI-PNL-8,HWI-PNL-8,http://www.lutron.com/ProductParentGroupImages/HWQSFamily.png,http://www.lutron.com/TechnicalDocumentLibrary/369-600a_ENG.pdf,,
177,HWI-Q96,HWI-Q96,,,,
178,HWI-WPM-6D-120,HWI-WPM-6D-120,,,,
179,HWQA-W6BRLNK,HWQA-W6BRLNK,,,,
180,HW-RPM-4A-120,HW-RPM-4A-120,http://www.lutron.com/ProductParentGroupImages/HWQSFamily.png,http://www.lutron.com/TechnicalDocumentLibrary/369547_HW_Remote_Power_Modules.pdf,,
181,HW-RPM-4M-120,HW-RPM-4M-120,http://www.lutron.com/ProductParentGroupImages/HWQSFamily.png,http://www.lutron.com/TechnicalDocumentLibrary/369547_HW_Remote_Power_Modules.pdf,,
182,HW-RPM-4R,HW-RPM-4R,http://www.lutron.com/ProductParentGroupImages/HWQSFamily.png,http://www.lutron.com/TechnicalDocumentLibrary/369547_HW_Remote_Power_Modules.pdf,,
183,HW-RPM-4U-120,HW-RPM-4U-120,http://www.lutron.com/ProductParentGroupImages/HWQSFamily.png,http://www.lutron.com/TechnicalDocumentLibrary/369547_HW_Remote_Power_Modules.pdf,,
184,HW-TVMKIT-120,HW-TVMKIT-120,http://www.lutron.com/en-US/ProductBaseModelImages/GRX-TVM2.png,http://www.lutron.com/TechnicalDocumentLibrary/369663_ENG.pdf,,
185,L-BDG2,L-BDG2,http://www.lutron.com/en-US/ProductBaseModelImages/L-BDG2.png,http://www.lutron.com/TechnicalDocumentLibrary/369816a_Smart_Bridge_Pro_Spec.pdf,,
186,LBK-T10RL-E,LBK-T10RL-E,,,,
187,L-CRMK,L-CRMK,,,,
188,L-CRMK,L-CRMK,,,,
189,LFGR-1,LFGR-1,http://www.lutron.com/en-US/ProductParentGroupImages/CL_combo_WH_medTh.jpg,http://www.lutron.com/TechnicalDocumentLibrary/369756_ENG.pdf,,
190,LFK-T10RL-CLA,LFK-T10RL-CLA,,,,
191,LFS-W6BRL,LFS-W6BRL,http://www.lutron.com/ProductParentGroupImages/HWQSFamily.png,http://www.lutron.com/TechnicalDocumentLibrary/369668a.pdf,,
192,LHW-RPM-4FSQ-12,LHW-RPM-4FSQ-12,,,,
193,LLRF2-VCR2B-P,LLRF2-VCR2B-P,,,,
194,L-LV14-120,L-LV14-120,http://www.lutron.com/ProductParentGroupImages/HWQSFamily.png,http://www.lutron.com/TechnicalDocumentLibrary/043-400A.pdf,,
195,LMJ-16R-DV-B,LMJ-16R-DV-B,http://www.lutron.com/en-US/ProductBaseModelImages/RMJ-16RCCO1-DV-B.png,http://www.lutron.com/TechnicalDocumentLibrary/369769_ENG.pdf,http://www.lutron.com/TechnicalDocumentLibrary/Homeworks_QS.dwg,
196,LMJ-5T-DV-B,LMJ-5T-DV-B,http://www.lutron.com/en-US/ProductBaseModelImages/LMJ-5T-DV-B.png,http://www.lutron.com/TechnicalDocumentLibrary/RF_Dimming_Module_with_0-10_Spec.pdf,http://www.lutron.com/TechnicalDocumentLibrary/Homeworks_QS.dwg,
197,LOS-CDT-1000,LOS-CDT-1000,,,,
198,LOS-CDT-2000,LOS-CDT-2000,,,,
199,LOS-CDT-500,LOS-CDT-500,,,,
200,LOS-CDT-500R,LOS-CDT-500R,,,,
201,LOS-CIR-450,LOS-CIR-450,,,,
202,LOS-WDT,LOS-WDT,,,,
203,L-PED1,L-PED1,http://www.lutron.com/en-US/ProductParentGroupImages/Maestro_MA600_WH.jpg,http://www.lutron.com/TechnicalDocumentLibrary/369612.pdf,,
204,L-PED1,L-PED1,http://www.lutron.com/en-US/ProductParentGroupImages/Maestro_MA600_WH.jpg,http://www.lutron.com/TechnicalDocumentLibrary/369612.pdf,,
205,LQRJ-WPM-6P,LQRJ-WPM-6P,http://www.lutron.com/en-US/ProductBaseModelImages/HQRJ-WPM-6D-120.png,http://www.lutron.com/TechnicalDocumentLibrary/369-360 HWQS WPM.pdf,,
206,LQR-WPM-6P,LQR-WPM-6P,http://www.lutron.com/en-US/ProductBaseModelImages/HQRJ-WPM-6D-120.png,http://www.lutron.com/TechnicalDocumentLibrary/369-360 HWQS WPM.pdf,,
207,LQSE-4A-120-D,LQSE-4A-120-D,http://www.lutron.com/ProductParentGroupImages/HWQSFamily.png,http://www.lutron.com/TechnicalDocumentLibrary/032495.pdf,,
208,LQSE-4S8-120-D,LQSE-4S8-120-D,http://www.lutron.com/ProductParentGroupImages/HWQSFamily.png,http://www.lutron.com/TechnicalDocumentLibrary/032505.pdf,,
209,LQSE-4T5-120-D,LQSE-4T5-120-D,http://www.lutron.com/ProductParentGroupImages/HWQSFamily.png,http://www.lutron.com/TechnicalDocumentLibrary/032503.pdf,,
210,LQSGRJ-6P-1,LQSGRJ-6P-1,,,,
211,LR-3B-H,LR-3B-H,http://www.lutron.com/ProductParentGroupImages/RadioRA2Family.png,http://www.lutron.com/TechnicalDocumentLibrary/HWQS_Visor_Control_043363a.pdf,,
212,LRD-WST-C,LRD-WST-C,http://www.lutron.com/ProductParentGroupImages/RadioRA2Family.png,http://www.lutron.com/TechnicalDocumentLibrary/041-298.pdf,,
213,LRD-WST-F,LRD-WST-F,http://www.lutron.com/ProductParentGroupImages/RadioRA2Family.png,http://www.lutron.com/TechnicalDocumentLibrary/041-298.pdf,,
214,L-REPPRO,L-REPPRO,http://www.lutron.com/en-US/ProductBaseModelImages/L-REPPRO.png,http://www.lutron.com/TechnicalDocumentLibrary/3691063_ENG.pdf,,
215,LRF2-DCRB,LRF2-DCRB,http://www.lutron.com/en-US/ProductBaseModelImages/RPS_Daylight_Sensor_MedTh.jpg,http://www.lutron.com/TechnicalDocumentLibrary/041277A.pdf,http://www.lutron.com/TechnicalDocumentLibrary/Typical_Energi_TriPak_Eco_Switching_0_10V_CCO_Powpaks.dwg,
216,LRF2-OCR2B-P,LRF2-OCR2B-P,http://www.lutron.com/en-US/ProductParentGroupImages/Maestro_MA600_WH.jpg,http://www.lutron.com/TechnicalDocumentLibrary/369480_ENG.pdf,,
217,LRF2-OHLB-P,LRF2-OHLB-P,http://www.lutron.com/en-US/ProductParentGroupImages/Maestro_MA600_WH.jpg,http://www.lutron.com/TechnicalDocumentLibrary/Spec_Sheet_369481a_ENG.pdf,,
218,LRF2-OWLB-P,LRF2-OWLB-P,http://www.lutron.com/en-US/ProductBaseModelImages/LRF2-OHLB.png,http://www.lutron.com/TechnicalDocumentLibrary/Spec_Sheet_369481a_ENG.pdf,http://www.lutron.com/TechnicalDocumentLibrary/Sensors.dwg,
219,LRF2-TWRB,LRF2-TWRB,http://www.lutron.com/ProductParentGroupImages/RadioRA2Family.png,http://www.lutron.com/TechnicalDocumentLibrary/041-296.pdf,,
220,LRF2-TWRB,LRF2-TWRB,http://www.lutron.com/ProductParentGroupImages/RadioRA2Family.png,http://www.lutron.com/TechnicalDocumentLibrary/041-296.pdf,,
221,LR-HVAC-1,LR-HVAC-1,http://www.lutron.com/ProductParentGroupImages/RadioRA2Family.png,http://www.lutron.com/TechnicalDocumentLibrary/041-299.pdf,,
222,LR-HVAC-INT-FLSH,LR-HVAC-INT-FLSH,,,,
223,LR-HVAC-INT,LR-HVAC-INT,,,,
224,LR-HVAC-PKG-C,LR-HVAC-PKG-C,,,,
225,LR-HVAC-PKG,LR-HVAC-PKG,,,,
226,LR-HVAC-WIRE-120,LR-HVAC-WIRE-120,,,,
227,LR-HWLV-HVAC,LR-HWLV-HVAC,http://www.lutron.com/en-US/HeroImages/Honeywell_01_hero.png,http://www.lutron.com/TechnicalDocumentLibrary/369-539_20110921.pdf,,
228,LR-TEMP-FLSH,LR-TEMP-FLSH,http://www.lutron.com/ProductParentGroupImages/HWQSFamily.png,,,
229,LUT-DMX 512,LUT-DMX 512,,,,
230,LUT-LBX,LUT-LBX,http://www.lutron.com/en-US/ProductBaseModelImages/ELVI-1000.png,http://www.lutron.com/TechnicalDocumentLibrary/LUT-LBX-1.pdf,http://www.lutron.com/TechnicalDocumentLibrary/Power_Modules.dwg,
231,LWT-GG,LWT-GG,http://www.lutron.com/en-US/ProductParentGroupImages/GrafikT_01_MedTh.jpg,http://www.lutron.com/TechnicalDocumentLibrary/369826.pdf,,
232,LWT-G,LWT-G,http://www.lutron.com/en-US/ProductParentGroupImages/GrafikT_01_MedTh.jpg,http://www.lutron.com/TechnicalDocumentLibrary/369826.pdf,,
233,LWT-S-P,LWT-S-P,,,,
234,MA-1000,MA-1000,http://www.lutron.com/en-US/ProductParentGroupImages/MaestroDimSwitch_DigSwitch_MAS8AM_WH_medTH.jpg,http://www.lutron.com/TechnicalDocumentLibrary/Maestro.pdf,,
235,MA-600,MA-600,http://www.lutron.com/en-US/ProductParentGroupImages/MaestroDimSwitch_DigSwitch_MAS8AM_WH_medTH.jpg,http://www.lutron.com/TechnicalDocumentLibrary/Maestro.pdf,,
236,MA-ELV600,MA-ELV600,,,,
237,MA-FQ4FM,MA-FQ4FM,,,,
238,MALV-1000,MALV-1000,http://www.lutron.com/en-US/ProductParentGroupImages/MaestroDimSwitch_DigSwitch_MAS8AM_WH_medTH.jpg,http://www.lutron.com/TechnicalDocumentLibrary/Maestro.pdf,,
239,MALV-600,MALV-600,http://www.lutron.com/en-US/ProductParentGroupImages/MaestroDimSwitch_DigSwitch_MAS8AM_WH_medTH.jpg,http://www.lutron.com/TechnicalDocumentLibrary/Maestro.pdf,http://www.lutron.com/TechnicalDocumentLibrary/Wallbox.dwg,
240,MA-R,MA-R,http://www.lutron.com/en-US/ProductBaseModelImages/RadioRA2FadeComp_CompDimmer_medTh.jpg,http://www.lutron.com/TechnicalDocumentLibrary/Maestro.pdf,http://www.lutron.com/TechnicalDocumentLibrary/Wallbox.dwg,
241,MA-T51,MA-T51,http://www.lutron.com/en-US/ProductParentGroupImages/MaestroTimer_01_medTh.jpg,,,
242,MA-T51MN,MA-T51MN,http://www.lutron.com/en-US/ProductParentGroupImages/MaestroTimer_01_medTh.jpg,,,
243,MA-T51,MA-T51,http://www.lutron.com/en-US/ProductParentGroupImages/MaestroTimer_01_medTh.jpg,,,
244,MIR-600T,MIR-600T,http://www.lutron.com/en-US/ProductParentGroupImages/MaestroIR_MedTh.jpg,,,
245,MIR-600,MIR-600,http://www.lutron.com/en-US/ProductParentGroupImages/MaestroIR_MedTh.jpg,,,
246,MSC-1000M,MSC-1000M,http://www.lutron.com/en-US/ProductParentGroupImages/MaestroDimSwitch_DigSwitch_MAS8AM_WH_medTH.jpg,http://www.lutron.com/TechnicalDocumentLibrary/maestrosatincolors.pdf,,
247,MSC-600M,MSC-600M,http://www.lutron.com/en-US/ProductParentGroupImages/MaestroDimSwitch_DigSwitch_MAS8AM_WH_medTH.jpg,http://www.lutron.com/TechnicalDocumentLibrary/maestrosatincolors.pdf,,
248,MSC-AD,MSC-AD,http://www.lutron.com/en-US/ProductParentGroupImages/MaestroDimSwitch_DigSwitch_MAS8AM_WH_medTH.jpg,http://www.lutron.com/TechnicalDocumentLibrary/maestrosatincolors.pdf,,
249,MSCELV-600,MSCELV-600,,,,
250,MSCL-OP153M,MSCL-OP153M,http://www.lutron.com/en-US/ProductBaseModelImages/MSCL-OP153M.png,http://www.lutron.com/TechnicalDocumentLibrary/369748.pdf,,
251,MSCLV-1000M,MSCLV-1000M,http://www.lutron.com/en-US/ProductParentGroupImages/MaestroDimSwitch_DigSwitch_MAS8AM_WH_medTH.jpg,http://www.lutron.com/TechnicalDocumentLibrary/maestrosatincolors.pdf,,
252,MSCLV-600M,MSCLV-600M,http://www.lutron.com/en-US/ProductParentGroupImages/MaestroDimSwitch_DigSwitch_MAS8AM_WH_medTH.jpg,http://www.lutron.com/TechnicalDocumentLibrary/maestrosatincolors.pdf,,
253,MSC-S8AM,MSC-S8AM,http://www.lutron.com/en-US/ProductParentGroupImages/MaestroDimSwitch_DigSwitch_MAS8AM_WH_medTH.jpg,,,
254,MS-OPS5M,MS-OPS5M,http://www.lutron.com/en-US/ProductBaseModelImages/MS-OPS2.png,http://www.lutron.com/TechnicalDocumentLibrary/369488.pdf,http://www.lutron.com/TechnicalDocumentLibrary/Sensors.dwg,
255,NGRX-PB,NGRX-PB,http://www.lutron.com/en-US/ProductBaseModelImages/ELVI-1000.png,http://www.lutron.com/TechnicalDocumentLibrary/369476.pdf,http://www.lutron.com/TechnicalDocumentLibrary/Power_Modules.dwg,
256,NT-6PF-,NT-6PF-,,,,
257,NT-C37-FB-QB,NT-C37-FB-QB,,,,
258,NT-C37-NFB,NT-C37-NFB,,,,
259,NT-C37-NFBA,NT-C37-NFBA,,,,
260,NT-C37-NFB-CLA,NT-C37-NFB-CLA,,,,
261,NT-C37R5-FB,NT-C37R5-FB,,,,
262,NT-C65-FB-QB,NT-C65-FB-QB,,,,
263,NT-C71-FB-QB,NT-C71-FB-QB,,,,
264,NT-C71R5-FB,NT-C71R5-FB,,,,
265,NT-C76-FB-QB,NT-C76-FB-QB,,,,
266,NT-C76-NFBA,NT-C76-NFBA,,,,
267,NT-C76R5-FB,NT-C76R5-FB,,,,
268,NT-C77R5-FB,NT-C77R5-FB,,,,
269,NTOMX-KP15,NTOMX-KP15,http://www.lutron.com/en-US/ProductParentGroupImages/LCP128tall_medTh.jpg,http://www.lutron.com/TechnicalDocumentLibrary/ntomx-kp15.pdf,,
270,NTR-15-DDTR,NTR-15-DDTR,http://www.lutron.com/en-US/ProductBaseModelImages/NTR-15-DDTR.png,http://www.lutron.com/TechnicalDocumentLibrary/369269_ENG.pdf,,
271,NTR-15-GFTR,NTR-15-GFTR,,,,
272,NTR-15-HDTR,NTR-15-HDTR,http://www.lutron.com/en-US/ProductBaseModelImages/NTR-15-HDTR.png,http://www.lutron.com/TechnicalDocumentLibrary/369269_ENG.pdf,,
273,NTR-15-HFDU,NTR-15-HFDU,http://www.lutron.com/en-US/ProductBaseModelImages/NTR-15-HDTR.png,,,
274,NTR-15,NTR-15,http://www.lutron.com/en-US/ProductBaseModelImages/NTR-15.png,,,
275,NTR-20-DFDU,NTR-20-DFDU,,,,
276,NTR-20-HFDU,NTR-20-HFDU,http://www.lutron.com/en-US/ProductBaseModelImages/NTR-15-HDTR.png,,,
277,NT-R3-NFB,NT-R3-NFB,,,,
278,NTR3-NFB,NTR3-NFB,,,,
279,NT-R3R3-FB,NT-R3R3-FB,,,,
280,NT-R3R3R3-FB,NT-R3R3R3-FB,,,,
281,NT-R3R3R5R5-FB,NT-R3R3R5R5-FB,,,,
282,NT-R3R5-FB,NT-R3R5-FB,,,,
283,NT-R3R5R5-FB,NT-R3R5R5-FB,,,,
284,NT-R3R5R5R5-FB,NT-R3R5R5R5-FB,,,,
285,NT-R5C37-FB,NT-R5C37-FB,,,,
286,NT-R5C77-FB,NT-R5C77-FB,,,,
287,NT-R5R5-FB,NT-R5R5-FB,,,,
288,NT-R5R5R5-FB,NT-R5R5R5-FB,,,,
289,NT-R5R5R5R3-FB,NT-R5R5R5R3-FB,,,,
290,NT-R5R5R5R5-FB,NT-R5R5R5R5-FB,,,,
291,NT-R5R5R5R5R3-FB SELECT COLO,NT-R5R5R5R5R3-FB SELECT COLO,,,,
292,PALLADIOM 1G METAL FACEPLATE ,PALLADIOM 1G METAL FACEPLATE ,,,,
293,PALLADIOM 1G METAL KEYPAD ,PALLADIOM 1G METAL KEYPAD ,,,,
294,PALLADIOM 2G METAL FACEPLATE ,PALLADIOM 2G METAL FACEPLATE ,,,,
295,PALLADIOM 2G METAL KEYPAD ,PALLADIOM 2G METAL KEYPAD ,,,,
296,PD2-16F-120,PD2-16F-120,http://www.lutron.com/ProductParentGroupImages/HWQSFamily.png,http://www.lutron.com/TechnicalDocumentLibrary/3691055_ENG.pdf,,
297,PD4-36F-120,PD4-36F-120,http://www.lutron.com/ProductParentGroupImages/HWQSFamily.png,http://www.lutron.com/TechnicalDocumentLibrary/3691055_ENG.pdf,,
298,PD5-36F-120,PD5-36F-120,http://www.lutron.com/ProductParentGroupImages/HWQSFamily.png,http://www.lutron.com/TechnicalDocumentLibrary/3691055_ENG.pdf,,
299,PD-6WCL,PD-6WCL,http://www.lutron.com/en-US/ProductParentGroupImages/CasetaFamily.png,http://www.lutron.com/TechnicalDocumentLibrary/0301710a_Caseta Advanced Instructions.pdf,,
300,PD8-59F-120,PD8-59F-120,http://www.lutron.com/ProductParentGroupImages/HWQSFamily.png,http://www.lutron.com/TechnicalDocumentLibrary/3691055_ENG.pdf,,
301,PHPM-3F-120,PHPM-3F-120,http://www.lutron.com/en-US/ProductParentGroupImages/GrafikEyeQSComp.jpg,http://www.lutron.com/TechnicalDocumentLibrary/369-355.pdf,,
302,PHPM-PA-120,PHPM-PA-120,http://www.lutron.com/en-US/ProductParentGroupImages/GrafikEyeQSComp.jpg,http://www.lutron.com/TechnicalDocumentLibrary/369835.pdf,,
303,PHPM-PA-DV,PHPM-PA-DV,http://www.lutron.com/en-US/ProductParentGroupImages/GrafikEyeQSComp.jpg,http://www.lutron.com/TechnicalDocumentLibrary/369835.pdf,,
304,PHPM-DV,PHPM-DV,,,,
305,PICO-FP-ADAPT,PICO-FP-ADAPT,http://www.lutron.com/en-US/ProductBaseModelImages/PICO-FP-ADAPT.png,http://www.lutron.com/TechnicalDocumentLibrary/369612.pdf,,
306,PICO-SM-KIT,PICO-SM-KIT,http://www.lutron.com/en-US/ProductBaseModelImages/PICO-FP-ADAPT.png,http://www.lutron.com/TechnicalDocumentLibrary/369612.pdf,,
307,PICO-WBX-ADAPT,PICO-WBX-ADAPT,http://www.lutron.com/en-US/ProductBaseModelImages/PICO-FP-ADAPT.png,http://www.lutron.com/TechnicalDocumentLibrary/WallBoxAdapterInstallationInstructions.pdf,,
308,PJ2-2B-GXX-L01,PJ2-2B-GXX-L01,,,,
309,PJ2-2BRL-GWH-L01,PJ2-2BRL-GWH-L01,,,,
310,PJ2-2BRL-GXX-S01,PJ2-2BRL-GXX-S01,,,,
311,PJ2-3B-GXX-L01,PJ2-3B-GXX-L01,,,,
312,PJ2-3BRL-GWH-L01,PJ2-3BRL-GWH-L01,,,,
313,PJ2-3BRL-GWH-S01,PJ2-3BRL-GWH-S01,,,,
314,PJ2-3BRL-GXX-A02,PJ2-3BRL-GXX-A02,,,,
315,PJ2-3BRL-GXX-S02,PJ2-3BRL-GXX-S02,,,,
316,PJ2-4BL-EL2,PJ2-4BL-EL2,,,,
317,PJ2-4B-GWH-EL2,PJ2-4B-GWH-EL2,,,,
318,PJ2-4B-GXX-EL2,PJ2-4B-GXX-EL2,,,,
319,PJ2-4B-TSW-EL2,PJ2-4B-TSW-EL2,,,,
320,PJ-2BRL-GXX-I01,PJ-2BRL-GXX-I01,,,,
321,PJ-3BRL-GXX-T0X,PJ-3BRL-GXX-T0X,,,,
322,PNL-8-PWRKIT,PNL-8-PWRKIT,http://www.lutron.com/ProductParentGroupImages/HWQSFamily.png,http://www.lutron.com/TechnicalDocumentLibrary/369-585_ENG.pdf,,
323,PP-120H,PP-120H,,,,
324,P-PKG1W,P-PKG1W,,,,
325,PPS1-120-15DC-3A,PPS1-120-15DC-3A,,,,
326,PPS2-120-15DC-3A,PPS2-120-15DC-3A,,,,
327,PS9-DTE,PS9-DTE,,,,
328,QSE-CI-DMX,QSE-CI-DMX,http://www.lutron.com/en-US/ProductParentGroupImages/GrafikEyeQSComp.jpg,http://www.lutron.com/TechnicalDocumentLibrary/369372_QSE-CI-DMX.pdf,http://www.lutron.com/TechnicalDocumentLibrary/QS_Wallstations_and_Interfaces.dwg,
329,QSE-CI-NWK-E,QSE-CI-NWK-E,http://www.lutron.com/en-US/ProductParentGroupImages/GrafikEyeQSComp.jpg,http://www.lutron.com/TechnicalDocumentLibrary/040249.pdf,http://www.lutron.com/TechnicalDocumentLibrary/QS_Wallstations_and_Interfaces.dwg,
330,QSE-CI-WCI,QSE-CI-WCI,http://www.lutron.com/en-US/ProductParentGroupImages/ESN_MedTh.jpg,http://www.lutron.com/TechnicalDocumentLibrary/041395.pdf,http://www.lutron.com/TechnicalDocumentLibrary/QS_Wallstations_and_Interfaces.dwg,
331,QSE-IO,QSE-IO,http://www.lutron.com/en-US/ProductParentGroupImages/GrafikEyeQSComp.jpg,http://www.lutron.com/TechnicalDocumentLibrary/040391.pdf,http://www.lutron.com/TechnicalDocumentLibrary/QS_Wallstations_and_Interfaces.dwg,
332,QSG-6P120-1,QSG-6P120-1,,,,
333,QSGF,QSGF,,,,
334,QSGFP,QSGFP,http://www.lutron.com/en-US/ProductParentGroupImages/GrafikEyeQSComp.jpg,,,
335,QSGR-16E,QSGR-16E,http://www.lutron.com/en-US/ProductParentGroupImages/GrafikEyeQSComp.jpg,http://www.lutron.com/TechnicalDocumentLibrary/QSGRJ-xE_QSGR-xE_English_Install.pdf,http://www.lutron.com/TechnicalDocumentLibrary/QS_Wallstations_and_Interfaces.dwg,
336,QSGRJ-3P,QSGRJ-3P,http://www.lutron.com/en-US/ProductParentGroupImages/GrafikEyeQSComp.jpg,http://www.lutron.com/TechnicalDocumentLibrary/Grafik Eye QS.pdf,http://www.lutron.com/TechnicalDocumentLibrary/Typical_Grafik_Eye_Non-Eco_System.dwg,
337,QSGRJ-4BL,QSGRJ-4BL,,,,
338,QSGRJ-4P-1,QSGRJ-4P-1,,,,
339,QSGRJ-4P,QSGRJ-4P,http://www.lutron.com/en-US/ProductParentGroupImages/GrafikEyeQSComp.jpg,http://www.lutron.com/TechnicalDocumentLibrary/Grafik Eye QS.pdf,http://www.lutron.com/TechnicalDocumentLibrary/Typical_Grafik_Eye_Non-Eco_System.dwg,
340,QSGRJ-4WH,QSGRJ-4WH,,,,
341,QSGRJ-6BL,QSGRJ-6BL,,,,
342,QSGRJ-6P,QSGRJ-6P,http://www.lutron.com/en-US/ProductParentGroupImages/GrafikEyeQSComp.jpg,http://www.lutron.com/TechnicalDocumentLibrary/Grafik Eye QS.pdf,http://www.lutron.com/TechnicalDocumentLibrary/Typical_Grafik_Eye_Non-Eco_System.dwg,
343,QSGRJ-6WH,QSGRJ-6WH,,,,
344,QSM2-XW-C,QSM2-XW-C,http://www.lutron.com/en-US/ProductParentGroupImages/ESN_with_Softswitch_medTh.jpg,http://www.lutron.com/TechnicalDocumentLibrary/041-290b.pdf,,
345,QSPS-10PNL,QSPS-10PNL,http://www.lutron.com/en-US/ProductBaseModelImages/QSPS-10PNL.png,http://www.lutron.com/TechnicalDocumentLibrary/045528.pdf,http://www.lutron.com/TechnicalDocumentLibrary/QS_Shade_Equipment.dwg,
346,QSPS-10PNL-NPM,QSPS-10PNL-NPM,,http://www.lutron.com/TechnicalDocumentLibrary/045528.pdf,,
347,QSPS-30PNL-NPM,QSPS-30PNL-NPM,,http://www.lutron.com/TechnicalDocumentLibrary/085592_SivoiaQS_30Output_ConfigurablePowerPanel.pdf,,
348,QSPS-DH-1-75-H,QSPS-DH-1-75-H,http://www.lutron.com/ProductParentGroupImages/HWQSFamily.png,http://www.lutron.com/TechnicalDocumentLibrary/369885_ENG_WEB.pdf,,
349,QSPS-J-1-50,QSPS-J-1-50,http://www.lutron.com/en-US/ProductParentGroupImages/Quantum_RP_MedTh_152x152.jpg,http://www.lutron.com/TechnicalDocumentLibrary/085-274_QS_JBOX_PS.pdf,http://www.lutron.com/TechnicalDocumentLibrary/QS_Shade_Equipment.dwg,
350,QSPS-P1-1-150,QSPS-P1-1-150,,,,
351,QSPS-P1-1-35,QSPS-P1-1-35,,,,
352,QSPS-P1-1-50,QSPS-P1-1-50,http://www.lutron.com/en-US/ProductParentGroupImages/GrafikEyeQSComp.jpg,http://www.lutron.com/TechnicalDocumentLibrary/086108 b.pdf,http://www.lutron.com/TechnicalDocumentLibrary/QS_Shade_Equipment.dwg,
353,QSPSY-10PNL,QSPSY-10PNL,http://www.lutron.com/en-US/ProductBaseModelImages/QSPSY-10PNL.png,http://www.lutron.com/TechnicalDocumentLibrary/085355_EN.pdf,http://www.lutron.com/TechnicalDocumentLibrary/QS_Shade_Equipment.dwg,
354,QSSC-EDU-D175,QSSC-EDU-D175,,,,
355,QSW4-T5R-NST,QSW4-T5R-NST,,,,
356,QS-WLB,QS-WLB,http://www.lutron.com/ProductParentGroupImages/HWQSFamily.png,http://www.lutron.com/TechnicalDocumentLibrary/041295a.pdf,,
357,QSWS2-2BRL-IX,QSWS2-2BRL-IX,,,,
358,QSWS2-3BDI,QSWS2-3BDI,http://www.lutron.com/en-US/ProductParentGroupImages/seeTouchQSWallst_01_medTh.jpg,http://www.lutron.com/TechnicalDocumentLibrary/QSWS2.pdf,,
359,QSWS2-5BRLI-E01,QSWS2-5BRLI-E01,,,,
360,QSYC4-RCVR,QSYC4-RCVR,,,,
361,QSYC-J-RCVR,QSYC-J-RCVR,,,,
362,RALK-2W-SD-E,RALK-2W-SD-E,,,,
363,RALK-5W-AO-E,RALK-5W-AO-E,,,,
364,RALK-5W-RL-E,RALK-5W-RL-E,,,,
365,RDD-6ND,RDD-6ND,,,,
366,RD-RD,RD-RD,http://www.lutron.com/en-US/ProductBaseModelImages/RadioRA2FadeComp_CompDimmer_medTh.jpg,http://www.lutron.com/TechnicalDocumentLibrary/369225_ENG.pdf,http://www.lutron.com/TechnicalDocumentLibrary/RadioRA2.dwg,
367,RD-RD,RD-RD,http://www.lutron.com/en-US/ProductBaseModelImages/RadioRA2FadeComp_CompDimmer_medTh.jpg,http://www.lutron.com/TechnicalDocumentLibrary/369225_ENG.pdf,http://www.lutron.com/TechnicalDocumentLibrary/RadioRA2.dwg,
368,RD-RD,RD-RD,http://www.lutron.com/en-US/ProductBaseModelImages/RadioRA2FadeComp_CompDimmer_medTh.jpg,http://www.lutron.com/TechnicalDocumentLibrary/369225_ENG.pdf,http://www.lutron.com/TechnicalDocumentLibrary/RadioRA2.dwg,
369,RD-RD,RD-RD,http://www.lutron.com/en-US/ProductBaseModelImages/RadioRA2FadeComp_CompDimmer_medTh.jpg,http://www.lutron.com/TechnicalDocumentLibrary/369225_ENG.pdf,http://www.lutron.com/TechnicalDocumentLibrary/RadioRA2.dwg,
370,RD-RS,RD-RS,http://www.lutron.com/en-US/ProductBaseModelImages/HD-RS.png,http://www.lutron.com/TechnicalDocumentLibrary/369225_ENG.pdf,http://www.lutron.com/TechnicalDocumentLibrary/RadioRA2.dwg,
371,RD-RS,RD-RS,http://www.lutron.com/en-US/ProductBaseModelImages/HD-RS.png,http://www.lutron.com/TechnicalDocumentLibrary/369225_ENG.pdf,http://www.lutron.com/TechnicalDocumentLibrary/RadioRA2.dwg,
372,RK-AD-10,RK-AD-10,,,,
373,RK-AD,RK-AD,http://www.lutron.com/ProductParentGroupImages/RadioRA2Family.png,http://www.lutron.com/TechnicalDocumentLibrary/369225_ENG.pdf,,
374,RK-AS-10,RK-AS-10,,,,
375,RK-AS,RK-AS,http://www.lutron.com/en-US/ProductBaseModelImages/HD-RS.png,http://www.lutron.com/TechnicalDocumentLibrary/369225_ENG.pdf,,
376,RKA-W5BI-E,RKA-W5BI-E,,,,
377,RKA-W6BI-E,RKA-W6BI-E,,,,
378,RK-D-10,RK-D-10,,,,
379,RK-D,RK-D,http://www.lutron.com/ProductParentGroupImages/RadioRA2Family.png,http://www.lutron.com/TechnicalDocumentLibrary/369225_ENG.pdf,,
380,RK-D,RK-D,http://www.lutron.com/ProductParentGroupImages/RadioRA2Family.png,http://www.lutron.com/TechnicalDocumentLibrary/369225_ENG.pdf,,
381,RKD-H3BSRL-E,RKD-H3BSRL-E,,,,
382,RKD-H5BRL-E,RKD-H5BRL-E,,,,
383,RKD-H6BRL-E,RKD-H6BRL-E,,,,
384,RK-D,RK-D,http://www.lutron.com/ProductParentGroupImages/RadioRA2Family.png,http://www.lutron.com/TechnicalDocumentLibrary/369225_ENG.pdf,,
385,RKD-W3BS-E,RKD-W3BS-E,,,,
386,RKD-W4BS-E,RKD-W4BS-E,,,,
387,RKD-W5B-E,RKD-W5B-E,,,,
388,RKD-W6BRL-E,RKD-W6BRL-E,,,,
389,RK-F-10,RK-F-10,,,,
390,RK-F,RK-F,,,,
391,RK-S-10,RK-S-10,,,,
392,RK-T10RL,RK-T10RL,http://www.lutron.com/ProductParentGroupImages/RadioRA2Family.png,http://www.lutron.com/TechnicalDocumentLibrary/Tabletop Keypads_369-222a.pdf,,
393,RK-T5RL,RK-T5RL,http://www.lutron.com/ProductParentGroupImages/RadioRA2Family.png,http://www.lutron.com/TechnicalDocumentLibrary/Tabletop Keypads_369-222a.pdf,,
394,RP-FDU-10,RP-FDU-10,http://www.lutron.com/en-US/ProductBaseModelImages/RP-FDU-10.png,http://www.lutron.com/TechnicalDocumentLibrary/369269_ENG.pdf,,
395,RR-15APS-1,RR-15APS-1,http://www.lutron.com/en-US/ProductBaseModelImages/RR-15APS-1.png,http://www.lutron.com/TechnicalDocumentLibrary/Plug-In Modules_English.pdf,http://www.lutron.com/TechnicalDocumentLibrary/RadioRA2.dwg,
396,RR-3PD-1,RR-3PD-1,http://www.lutron.com/en-US/ProductBaseModelImages/HQR-3PD-1.png,http://www.lutron.com/TechnicalDocumentLibrary/Plug-In Modules_English.pdf,http://www.lutron.com/TechnicalDocumentLibrary/RadioRA2.dwg,
397,RR-AUX-REP,RR-AUX-REP,,,,
398,RRD-10D,RRD-10D,http://www.lutron.com/en-US/ProductBaseModelImages/RR6ND-BL.PNG,http://www.lutron.com/TechnicalDocumentLibrary/369225_ENG.pdf,http://www.lutron.com/TechnicalDocumentLibrary/RadioRA2.dwg,
399,RRD-10ND,RRD-10ND,http://www.lutron.com/en-US/ProductBaseModelImages/RR6ND-BL.PNG,http://www.lutron.com/TechnicalDocumentLibrary/369225_ENG.pdf,http://www.lutron.com/TechnicalDocumentLibrary/RadioRA2.dwg,
400,RRD-10ND,RRD-10ND,http://www.lutron.com/en-US/ProductBaseModelImages/RR6ND-BL.PNG,http://www.lutron.com/TechnicalDocumentLibrary/369225_ENG.pdf,http://www.lutron.com/TechnicalDocumentLibrary/RadioRA2.dwg,
401,RRD-2ANF,RRD-2ANF,http://www.lutron.com/en-US/ProductBaseModelImages/RRD-2ANF.PNG,http://www.lutron.com/TechnicalDocumentLibrary/044319b.pdf,http://www.lutron.com/TechnicalDocumentLibrary/RadioRA2.dwg,
402,RRD-2ANF,RRD-2ANF,http://www.lutron.com/en-US/ProductBaseModelImages/RRD-2ANF.PNG,http://www.lutron.com/TechnicalDocumentLibrary/044319b.pdf,http://www.lutron.com/TechnicalDocumentLibrary/RadioRA2.dwg,
403,RRD-3LD,RRD-3LD,http://www.lutron.com/en-US/ProductBaseModelImages/HQR-3LD.png,http://www.lutron.com/TechnicalDocumentLibrary/Lamp Dimmers_369-226a.pdf,,
404,RRD-6CL,RRD-6CL,http://www.lutron.com/en-US/ProductBaseModelImages/RR6ND-BL.PNG,http://www.lutron.com/TechnicalDocumentLibrary/369225_ENG.pdf,http://www.lutron.com/TechnicalDocumentLibrary/RadioRA2.dwg,
405,RRD-6CL,RRD-6CL,http://www.lutron.com/en-US/ProductBaseModelImages/RR6ND-BL.PNG,http://www.lutron.com/TechnicalDocumentLibrary/369225_ENG.pdf,http://www.lutron.com/TechnicalDocumentLibrary/RadioRA2.dwg,
406,RRD-6D,RRD-6D,http://www.lutron.com/en-US/ProductBaseModelImages/RR6ND-BL.PNG,http://www.lutron.com/TechnicalDocumentLibrary/369225_ENG.pdf,,
407,RRD-6NA,RRD-6NA,http://www.lutron.com/en-US/ProductBaseModelImages/RR6ND-BL.PNG,http://www.lutron.com/TechnicalDocumentLibrary/369225_ENG.pdf,http://www.lutron.com/TechnicalDocumentLibrary/RadioRA2.dwg,
408,RRD-8ANS,RRD-8ANS,http://www.lutron.com/en-US/ProductBaseModelImages/RRD-8ANS.PNG,http://www.lutron.com/TechnicalDocumentLibrary/369225_ENG.pdf,http://www.lutron.com/TechnicalDocumentLibrary/RadioRA2.dwg,
409,RRD-8ANS,RRD-8ANS,http://www.lutron.com/en-US/ProductBaseModelImages/RRD-8ANS.PNG,http://www.lutron.com/TechnicalDocumentLibrary/369225_ENG.pdf,http://www.lutron.com/TechnicalDocumentLibrary/RadioRA2.dwg,
410,RRD-8S-DV,RRD-8S-DV,http://www.lutron.com/en-US/ProductBaseModelImages/RRD-8ANS.PNG,http://www.lutron.com/TechnicalDocumentLibrary/369225_ENG.pdf,http://www.lutron.com/TechnicalDocumentLibrary/RadioRA2.dwg,
411,RRD-F6AN-DV,RRD-F6AN-DV,http://www.lutron.com/en-US/ProductBaseModelImages/RR6ND-BL.PNG,http://www.lutron.com/TechnicalDocumentLibrary/369225_ENG.pdf,http://www.lutron.com/TechnicalDocumentLibrary/RadioRA2.dwg,
412,RRD-H1RLD,RRD-H1RLD,http://www.lutron.com/ProductParentGroupImages/RadioRA2Family.png,http://www.lutron.com/TechnicalDocumentLibrary/Returning_Clear_Connect_RF_Devices_to_Factory_Default.pdf,,
413,RRD-H3BSRL,RRD-H3BSRL,http://www.lutron.com/ProductParentGroupImages/RadioRA2Family.png,http://www.lutron.com/TechnicalDocumentLibrary/Returning_Clear_Connect_RF_Devices_to_Factory_Default.pdf,http://www.lutron.com/TechnicalDocumentLibrary/RadioRA2.dwg,
414,RRD-H5BRL,RRD-H5BRL,http://www.lutron.com/ProductParentGroupImages/RadioRA2Family.png,http://www.lutron.com/TechnicalDocumentLibrary/Returning_Clear_Connect_RF_Devices_to_Factory_Default.pdf,http://www.lutron.com/TechnicalDocumentLibrary/RadioRA2.dwg,
415,RRD-H6BRL,RRD-H6BRL,http://www.lutron.com/ProductParentGroupImages/RadioRA2Family.png,http://www.lutron.com/TechnicalDocumentLibrary/Returning_Clear_Connect_RF_Devices_to_Factory_Default.pdf,http://www.lutron.com/TechnicalDocumentLibrary/RadioRA2.dwg,
416,RRD-HN6BRL,RRD-HN6BRL,http://www.lutron.com/ProductParentGroupImages/RadioRA2Family.png,http://www.lutron.com/TechnicalDocumentLibrary/369968_RRD.pdf,,
417,RRD-P3BRL-L,RRD-P3BRL-L,,,,
418,RRD-P3BRL-S,RRD-P3BRL-S,,,,
419,RRD-W1RLD,RRD-W1RLD,http://www.lutron.com/ProductParentGroupImages/RadioRA2Family.png,http://www.lutron.com/TechnicalDocumentLibrary/369221_ENG.pdf,http://www.lutron.com/TechnicalDocumentLibrary/RadioRA2.dwg,
420,RRD-W2RLD,RRD-W2RLD,http://www.lutron.com/ProductParentGroupImages/RadioRA2Family.png,http://www.lutron.com/TechnicalDocumentLibrary/369221_ENG.pdf,http://www.lutron.com/TechnicalDocumentLibrary/RadioRA2.dwg,
421,RRD-W3BD,RRD-W3BD,http://www.lutron.com/ProductParentGroupImages/RadioRA2Family.png,http://www.lutron.com/TechnicalDocumentLibrary/369221_ENG.pdf,http://www.lutron.com/TechnicalDocumentLibrary/RadioRA2.dwg,
422,RRD-W3BRL,RRD-W3BRL,http://www.lutron.com/ProductParentGroupImages/RadioRA2Family.png,http://www.lutron.com/TechnicalDocumentLibrary/369221_ENG.pdf,http://www.lutron.com/TechnicalDocumentLibrary/RadioRA2.dwg,
423,RRD-W3BSRL,RRD-W3BSRL,http://www.lutron.com/ProductParentGroupImages/RadioRA2Family.png,http://www.lutron.com/TechnicalDocumentLibrary/369221_ENG.pdf,http://www.lutron.com/TechnicalDocumentLibrary/RadioRA2.dwg,
424,RRD-W5BRLIR,RRD-W5BRLIR,http://www.lutron.com/ProductParentGroupImages/RadioRA2Family.png,http://www.lutron.com/TechnicalDocumentLibrary/369221_ENG.pdf,http://www.lutron.com/TechnicalDocumentLibrary/RadioRA2.dwg,
425,RRD-W6BRL,RRD-W6BRL,http://www.lutron.com/ProductParentGroupImages/RadioRA2Family.png,http://www.lutron.com/TechnicalDocumentLibrary/369221_ENG.pdf,http://www.lutron.com/TechnicalDocumentLibrary/RadioRA2.dwg,
426,RR-FDN-INC,RR-FDN-INC,,,,
427,RR-MAIN-REP,RR-MAIN-REP,,,,
428,RR-MULTI-FDN,RR-MULTI-FDN,,,,
429,RR-R15RL,RR-R15RL,,,,
430,RR-SEL-REP2,RR-SEL-REP2,http://www.lutron.com/en-US/ProductBaseModelImages/RR-SEL-REP2.png,http://www.lutron.com/TechnicalDocumentLibrary/3691062_ENG.pdf,,
431,RR-T10RL,RR-T10RL,http://www.lutron.com/ProductParentGroupImages/RadioRA2Family.png,http://www.lutron.com/TechnicalDocumentLibrary/Tabletop Keypads_369-222a.pdf,http://www.lutron.com/TechnicalDocumentLibrary/RadioRA2.dwg,
432,RR-T15RL,RR-T15RL,http://www.lutron.com/ProductParentGroupImages/RadioRA2Family.png,http://www.lutron.com/TechnicalDocumentLibrary/Tabletop Keypads_369-222a.pdf,http://www.lutron.com/TechnicalDocumentLibrary/RadioRA2.dwg,
433,RR-T5RL,RR-T5RL,http://www.lutron.com/ProductParentGroupImages/RadioRA2Family.png,http://www.lutron.com/TechnicalDocumentLibrary/Tabletop Keypads_369-222a.pdf,http://www.lutron.com/TechnicalDocumentLibrary/RadioRA2.dwg,
434,RR-VCRX,RR-VCRX,,,,
435,RR-W7B,RR-W7B,,,,
436,RSD-CUSTOM FACEPLATE,RSD-CUSTOM FACEPLATE,,,,
437,RSD-HQR-T10RL,RSD-HQR-T10RL,,,,
438,RSD-HWQA-W6BRLK,RSD-HWQA-W6BRLK,,,,
439,RSD-W6BRLN-CPN7435,RSD-W6BRLN-CPN7435,,,,
440,RTA SENSOR 335755,RTA SENSOR 335755,,,,
441,SC-1PS,SC-1PS,http://www.lutron.com/en-US/ProductBaseModelImages/CA-1PS.png,http://www.lutron.com/TechnicalDocumentLibrary/DivaSatinColors.pdf,,
442,SC-1,SC-1,,,,
443,SC-1,SC-1,,,,
444,SC-2,SC-2,,,,
445,SC-3PS,SC-3PS,http://www.lutron.com/en-US/ProductBaseModelImages/CA-1PS.png,http://www.lutron.com/TechnicalDocumentLibrary/030986b.pdf,,
446,SC-3,SC-3,,,,
447,SC-4PS,SC-4PS,http://www.lutron.com/en-US/ProductBaseModelImages/CA-1PS.png,http://www.lutron.com/TechnicalDocumentLibrary/030987b.pdf,,
448,SC-4,SC-4,,,,
449,SC-5,SC-5,,,,
450,SC-6PF,SC-6PF,http://www.lutron.com/en-US/ProductBaseModelImages/CA-6PF.png,http://www.lutron.com/TechnicalDocumentLibrary/DivaSatinColors.pdf,,
451,SC-6,SC-6,,,,
452,SC,SC,,,,
453,SC,SC,,,,
454,SC-CJ,SC-CJ,http://www.lutron.com/en-US/ProductBaseModelImages/CA-CJ.png,http://www.lutron.com/TechnicalDocumentLibrary/DivaSatinColors.pdf,,
455,SC-PJ,SC-PJ,http://www.lutron.com/en-US/ProductBaseModelImages/CA-PJ.png,http://www.lutron.com/TechnicalDocumentLibrary/DivaSatinColors.pdf,,
456,SCR-15-GFCI,SCR-15-GFCI,,,,
457,SCR-15,SCR-15,,http://www.lutron.com/TechnicalDocumentLibrary/DivaSatinColors.pdf,,
458,SCR-20-DDTR,SCR-20-DDTR,http://www.lutron.com/en-US/ProductBaseModelImages/CAR-15-DDTR.png,http://www.lutron.com/TechnicalDocumentLibrary/369269_ENG.pdf,,
459,SCR-20-HFDU,SCR-20-HFDU,,,,
460,SCREWLESS PLATE ALLOWANCE,SCREWLESS PLATE ALLOWANCE,,,,
461,SDP 1-48-100T,SDP 1-48-100T,,,,
462,SG-4SI,SG-4SI,http://www.lutron.com/en-US/ProductParentGroupImages/GrafikEye4000Comp.jpg,http://www.lutron.com/TechnicalDocumentLibrary/030731a.pdf,http://www.lutron.com/TechnicalDocumentLibrary/GRX_Wallstations_and_Inferfaces.dwg,
463,SHADE POCKET ALLOWANCE,SHADE POCKET ALLOWANCE,,,,
464,SIB-6BRL-E,SIB-6BRL-E,,,,
465,SMC55-RESI,SMC55-RESI,http://www.lutron.com/ProductParentGroupImages/HWQSFamily.png,http://www.lutron.com/TechnicalDocumentLibrary/3691033.pdf,,
466,SP,SP,,,,
467,SPS-FSIT-RP,SPS-FSIT-RP,,,,
468,SR-4SI,SR-4SI,,,,
469,STRD-5BRL,STRD-5BRL,http://www.lutron.com/en-US/ProductParentGroupImages/seeTouchWallst_01_medTh.jpg,,,
470,STRD-6BRL,STRD-6BRL,http://www.lutron.com/en-US/ProductParentGroupImages/seeTouchWallst_01_medTh.jpg,,,
471,STWD-3BRL,STWD-3BRL,http://www.lutron.com/en-US/ProductParentGroupImages/seeTouchWallst_01_medTh.jpg,http://www.lutron.com/TechnicalDocumentLibrary/Designer seeTouch KP spec.pdf,,
472,STWD-3B,STWD-3B,http://www.lutron.com/en-US/ProductParentGroupImages/seeTouchWallst_01_medTh.jpg,http://www.lutron.com/TechnicalDocumentLibrary/Designer seeTouch KP spec.pdf,,
473,STWD-4B,STWD-4B,http://www.lutron.com/en-US/ProductParentGroupImages/seeTouchWallst_01_medTh.jpg,http://www.lutron.com/TechnicalDocumentLibrary/Designer seeTouch KP spec.pdf,,
474,STWD-5BRL,STWD-5BRL,http://www.lutron.com/en-US/ProductParentGroupImages/seeTouchWallst_01_medTh.jpg,http://www.lutron.com/TechnicalDocumentLibrary/Designer seeTouch KP spec.pdf,,
475,STWD-7B,STWD-7B,http://www.lutron.com/en-US/ProductParentGroupImages/seeTouchWallst_01_medTh.jpg,http://www.lutron.com/TechnicalDocumentLibrary/Designer seeTouch KP spec.pdf,,
476,SVQ-10-PNL,SVQ-10-PNL,,http://www.lutron.com/TechnicalDocumentLibrary/SVQ-10-PNL.pdf,,
477,T120-15DC-9,T120-15DC-9,,,,
478,VWP-2R,VWP-2R,http://www.lutron.com/en-US/ProductParentGroupImages/NovaT_NT600_WH.jpg,http://www.lutron.com/TechnicalDocumentLibrary/Vareo_Spec_Submittal.pdf,,
479,WC-4M-GC,WC-4M-GC,,,,
480,WINK-100D,WINK-100D,,,,
481,WINK-100DNP,WINK-100DNP,,,,
482,WINK-64D,WINK-64D,,,,
483,WINDOW TREATMENTS,WINDOW TREATMENTS,,,,
484,WIN-PS-5CC-R,WIN-PS-5CC-R,,http://www.lutron.com/TechnicalDocumentLibrary/085593_SivoiaQS_10Output_ConfigurablePowerPanel.pdf,,
